,Year,Month,NHI_SWIR_Basic_Oxygen_Furnace_Slag_Q80_max,NHI_SWIR_Basic_Oxygen_Furnace_Slag_Q80_sum,NHI_SWIR_Basic_Oxygen_Furnace_Slag_sum_max,NHI_SWIR_Basic_Oxygen_Furnace_Slag_sum_sum,NHI_SWNIR_Basic_Oxygen_Furnace_Slag_Q80_max,NHI_SWNIR_Basic_Oxygen_Furnace_Slag_Q80_sum,NHI_SWNIR_Basic_Oxygen_Furnace_Slag_sum_max,NHI_SWNIR_Basic_Oxygen_Furnace_Slag_sum_sum,TAI_Basic_Oxygen_Furnace_Slag_Q80_max,TAI_Basic_Oxygen_Furnace_Slag_Q80_sum,TAI_Basic_Oxygen_Furnace_Slag_sum_max,TAI_Basic_Oxygen_Furnace_Slag_sum_sum,NHI_SWIR_Blast_Furnace_A_Q80_max,NHI_SWIR_Blast_Furnace_A_Q80_sum,NHI_SWIR_Blast_Furnace_A_sum_max,NHI_SWIR_Blast_Furnace_A_sum_sum,NHI_SWNIR_Blast_Furnace_A_Q80_max,NHI_SWNIR_Blast_Furnace_A_Q80_sum,NHI_SWNIR_Blast_Furnace_A_sum_max,NHI_SWNIR_Blast_Furnace_A_sum_sum,TAI_Blast_Furnace_A_Q80_max,TAI_Blast_Furnace_A_Q80_sum,TAI_Blast_Furnace_A_sum_max,TAI_Blast_Furnace_A_sum_sum,NHI_SWIR_Blast_Furnace_B_Q80_max,NHI_SWIR_Blast_Furnace_B_Q80_sum,NHI_SWIR_Blast_Furnace_B_sum_max,NHI_SWIR_Blast_Furnace_B_sum_sum,NHI_SWNIR_Blast_Furnace_B_Q80_max,NHI_SWNIR_Blast_Furnace_B_Q80_sum,NHI_SWNIR_Blast_Furnace_B_sum_max,NHI_SWNIR_Blast_Furnace_B_sum_sum,TAI_Blast_Furnace_B_Q80_max,TAI_Blast_Furnace_B_Q80_sum,TAI_Blast_Furnace_B_sum_max,TAI_Blast_Furnace_B_sum_sum,NHI_SWIR_Coke_Oven_1_Q80_max,NHI_SWIR_Coke_Oven_1_Q80_sum,NHI_SWIR_Coke_Oven_1_sum_max,NHI_SWIR_Coke_Oven_1_sum_sum,NHI_SWNIR_Coke_Oven_1_Q80_max,NHI_SWNIR_Coke_Oven_1_Q80_sum,NHI_SWNIR_Coke_Oven_1_sum_max,NHI_SWNIR_Coke_Oven_1_sum_sum,TAI_Coke_Oven_1_Q80_max,TAI_Coke_Oven_1_Q80_sum,TAI_Coke_Oven_1_sum_max,TAI_Coke_Oven_1_sum_sum,NHI_SWIR_Coke_Oven_2_Q80_max,NHI_SWIR_Coke_Oven_2_Q80_sum,NHI_SWIR_Coke_Oven_2_sum_max,NHI_SWIR_Coke_Oven_2_sum_sum,NHI_SWNIR_Coke_Oven_2_Q80_max,NHI_SWNIR_Coke_Oven_2_Q80_sum,NHI_SWNIR_Coke_Oven_2_sum_max,NHI_SWNIR_Coke_Oven_2_sum_sum,TAI_Coke_Oven_2_Q80_max,TAI_Coke_Oven_2_Q80_sum,TAI_Coke_Oven_2_sum_max,TAI_Coke_Oven_2_sum_sum,NHI_SWIR_Dump_Q80_max,NHI_SWIR_Dump_Q80_sum,NHI_SWIR_Dump_sum_max,NHI_SWIR_Dump_sum_sum,NHI_SWNIR_Dump_Q80_max,NHI_SWNIR_Dump_Q80_sum,NHI_SWNIR_Dump_sum_max,NHI_SWNIR_Dump_sum_sum,TAI_Dump_Q80_max,TAI_Dump_Q80_sum,TAI_Dump_sum_max,TAI_Dump_sum_sum,NHI_SWIR_Flaring_Tower_Q80_max,NHI_SWIR_Flaring_Tower_Q80_sum,NHI_SWIR_Flaring_Tower_sum_max,NHI_SWIR_Flaring_Tower_sum_sum,NHI_SWNIR_Flaring_Tower_Q80_max,NHI_SWNIR_Flaring_Tower_Q80_sum,NHI_SWNIR_Flaring_Tower_sum_max,NHI_SWNIR_Flaring_Tower_sum_sum,TAI_Flaring_Tower_Q80_max,TAI_Flaring_Tower_Q80_sum,TAI_Flaring_Tower_sum_max,TAI_Flaring_Tower_sum_sum,NHI_SWIR_Hot_Metal_Car_6_Q80_max,NHI_SWIR_Hot_Metal_Car_6_Q80_sum,NHI_SWIR_Hot_Metal_Car_6_sum_max,NHI_SWIR_Hot_Metal_Car_6_sum_sum,NHI_SWNIR_Hot_Metal_Car_6_Q80_max,NHI_SWNIR_Hot_Metal_Car_6_Q80_sum,NHI_SWNIR_Hot_Metal_Car_6_sum_max,NHI_SWNIR_Hot_Metal_Car_6_sum_sum,TAI_Hot_Metal_Car_6_Q80_max,TAI_Hot_Metal_Car_6_Q80_sum,TAI_Hot_Metal_Car_6_sum_max,TAI_Hot_Metal_Car_6_sum_sum,NHI_SWIR_Hot_Metal_Car_7_Q80_max,NHI_SWIR_Hot_Metal_Car_7_Q80_sum,NHI_SWIR_Hot_Metal_Car_7_sum_max,NHI_SWIR_Hot_Metal_Car_7_sum_sum,NHI_SWNIR_Hot_Metal_Car_7_Q80_max,NHI_SWNIR_Hot_Metal_Car_7_Q80_sum,NHI_SWNIR_Hot_Metal_Car_7_sum_max,NHI_SWNIR_Hot_Metal_Car_7_sum_sum,TAI_Hot_Metal_Car_7_Q80_max,TAI_Hot_Metal_Car_7_Q80_sum,TAI_Hot_Metal_Car_7_sum_max,TAI_Hot_Metal_Car_7_sum_sum,NHI_SWIR_Hot_Metal_Car_9_Q80_max,NHI_SWIR_Hot_Metal_Car_9_Q80_sum,NHI_SWIR_Hot_Metal_Car_9_sum_max,NHI_SWIR_Hot_Metal_Car_9_sum_sum,NHI_SWNIR_Hot_Metal_Car_9_Q80_max,NHI_SWNIR_Hot_Metal_Car_9_Q80_sum,NHI_SWNIR_Hot_Metal_Car_9_sum_max,NHI_SWNIR_Hot_Metal_Car_9_sum_sum,TAI_Hot_Metal_Car_9_Q80_max,TAI_Hot_Metal_Car_9_Q80_sum,TAI_Hot_Metal_Car_9_sum_max,TAI_Hot_Metal_Car_9_sum_sum,NHI_SWIR_Sintering_Plant_A_Q80_max,NHI_SWIR_Sintering_Plant_A_Q80_sum,NHI_SWIR_Sintering_Plant_A_sum_max,NHI_SWIR_Sintering_Plant_A_sum_sum,NHI_SWNIR_Sintering_Plant_A_Q80_max,NHI_SWNIR_Sintering_Plant_A_Q80_sum,NHI_SWNIR_Sintering_Plant_A_sum_max,NHI_SWNIR_Sintering_Plant_A_sum_sum,TAI_Sintering_Plant_A_Q80_max,TAI_Sintering_Plant_A_Q80_sum,TAI_Sintering_Plant_A_sum_max,TAI_Sintering_Plant_A_sum_sum,NHI_SWIR_Sintering_Plant_B_Q80_max,NHI_SWIR_Sintering_Plant_B_Q80_sum,NHI_SWIR_Sintering_Plant_B_sum_max,NHI_SWIR_Sintering_Plant_B_sum_sum,NHI_SWNIR_Sintering_Plant_B_Q80_max,NHI_SWNIR_Sintering_Plant_B_Q80_sum,NHI_SWNIR_Sintering_Plant_B_sum_max,NHI_SWNIR_Sintering_Plant_B_sum_sum,TAI_Sintering_Plant_B_Q80_max,TAI_Sintering_Plant_B_Q80_sum,TAI_Sintering_Plant_B_sum_max,TAI_Sintering_Plant_B_sum_sum,Date,Value
0,2022,1,0.034843042,-2.941590438,0.0,-292.783011,0.5526103,-3.11649444,0.0,-350.5369169,8.011007,7.748507297,373.15262,337.62718350000006,0.27595258,-1.32779221,1.4568107,-31.12253302,0.08483066,-2.750207075,0.0,-55.2634259,13.869792,29.98499493,111.3537,274.4682649,0.1692786,-2.88155447,0.18826246,-56.21685154,-0.166318,-4.13480073,0.0,-78.7382945,7.558902,7.160804605,79.35343,69.55327983000001,0.26671177,-0.458160757,3.9223092,-20.544297500000003,0.3701147,-3.08863817,4.2135725,-75.43035449999999,30.12047,48.345440209,443.00412,701.63651909,-0.011028854,-1.568636824,0.0,-32.8219583,-0.45058164,-4.70951977,0.0,-78.431084,2.5653267,7.9724100867,30.721867,98.29400578,0.29463893,-0.0508298329999998,6.4206796,-54.008183,0.07116759,-3.31669099,0.0,-155.234282,13.439298,26.677654765,337.33524,654.5104934,0.0062532183,-1.0339633557,0.0,-70.302699,0.45979616,1.45178048,6.2925935,-3.586588700000002,10.122894,29.5655354,153.86958,549.45524,0.26578888,-0.86965088,0.033036232,-40.222934118,0.112227865,-2.729637414,0.0,-79.7970435,11.28139,29.335612114,141.57347,371.41895543,0.21620347,-0.7509219240000001,3.0611823,-44.0967259,0.20209499,-1.808481687,0.0,-81.9701437,14.354617,40.536277924,302.7602,729.7277765,0.15052389,-2.17801568,0.0,-42.83461384,-0.30854264,-3.90729124,0.0,-65.8173197,5.0245566,8.577970444,47.913177,77.16708492000001,0.44343528,1.214842318,5.151367,6.4386843,-0.14129311,-2.42987272,0.0,-47.39923,17.636911,60.566085706,176.56026,608.733866,-0.14264336,-3.43504335,0.0,-13.74017335,-0.57353514,-5.26933759,0.0,-21.0773503,1.1643145,1.236178158,4.657258,4.944712642,2022-01-01,343
1,2022,2,0.11799711,-0.99476435,0.0,-139.841871,-0.0059285797,-1.7261746797000002,0.0,-204.221313,5.53645,6.8118285830000005,209.39232,243.7813508,0.2262852,-1.32434134,1.7582603,-23.4310417,-0.04539389,-2.05256007,0.0,-37.4601787,12.207939,11.979056231,99.83522,95.52029415,0.03172273,-1.031970834,0.0,-22.0427002,-0.23378196,-2.04016856,0.0,-41.8142755,3.5736592,6.426016385,41.353104,71.153596,-0.14969479,-0.96161125,0.0,-23.4004606,-0.57837594,-2.46207691,0.0,-51.012106,1.0403337,2.64232304,16.039324,41.485217500000005,0.060335733,-0.920688547,0.0,-21.7594163,0.5724847,-1.37143551,7.4638224,-26.7928869,14.092051,19.76863878,110.85774,176.44407412,-0.16060339,-1.31524204,0.0,-66.575406,-0.5779806,-2.528273,0.0,-104.768145,1.1050787,1.739195092,24.240967,35.0832542,-0.04170373,-1.007168553,0.0,-56.7732696,0.4846676,0.5584524399999999,5.282496,-20.150508,8.082368,18.5820924,145.98167,301.663637,-0.20776726,-1.2654425,0.0,-35.252425599999995,-0.5750232,-2.3900589,0.0,-58.672457,1.0056065,2.117293737,16.688316,33.051087857,0.0634196,-0.22999289,0.0,-23.1855109,-0.17716147,-1.36933151,0.0,-56.406607,4.9958715,12.017136,97.078316,233.224663,-0.26230213,-1.79158906,0.0,-31.2148363,-0.5979742,-2.51222618,0.0,-41.218136,0.547901,0.3342146589999999,3.9216304,-1.2644487999999996,0.4652445,-0.1616704499999999,6.220998,-10.347443192,0.16665755,-1.96015578,0.0,-37.37601552,33.1531,43.2541629002,365.80447,445.66153163,-0.4469346,-2.51656374,0.0,-10.0662552,-0.5912462,-3.1199204700000003,0.0,-12.4796818,0.07561235,-0.2805926,0.3024494,-1.12237039,2022-02-01,285
2,2022,3,-0.45049396,-2.49832702,0.0,-231.285519,-0.6343217,-3.31727811,0.0,-308.75867,0.05650685,-0.235856335,6.2981596,-19.9411659,-0.48623356,-2.64041092,0.0,-43.292917,-0.65868586,-3.47793486,0.0,-56.0958905,-0.013716525,-0.47253643,0.0,-9.068144,-0.39776435,-2.59883249,0.0,-47.732905,-0.65974134,-3.48100364,0.0,-63.206238,0.1491673,-0.360791594,1.5326436,-8.1896904,-0.161559,-1.70363466,0.0,-40.6051407,-0.47758868,-3.12471553,0.0,-65.6701275,1.4097915,2.52186898,13.905483,24.1676661,0.13278785,-1.15589006,0.0,-24.68598928,-0.32703465,-2.78266695,0.0,-47.703526,5.2432747,7.4664775271,51.6509,71.8320069,0.19288184,-1.61650153,0.0,-85.5408243,0.23641743,-2.4858397,0.0,-119.882012,4.8717127,5.00213025,107.99067,104.5868753,-0.119033985,-1.068207075,0.0,-58.335229,0.10265722,-1.054008682,0.0,-53.548571730000006,4.8634086,10.37460317,65.82955,188.1865524,0.06557186,-1.289531172,0.0,-41.2468749,-0.2473067,-2.70675939,0.0,-69.765559,4.271976,5.981492327800001,77.98581,100.6698153,-0.035726152,-1.055398142,0.0,-44.2589378,-0.4563114,-2.2550453,0.0,-72.20522299999999,2.4909687,4.03482545,37.7703,62.2085225,-0.016722381,-2.207485461,0.0,-37.099168,-0.511979,-3.21015317,0.0,-51.943756,2.1472528,1.62188689,25.513607,16.352552100000004,0.3074657,-0.19639821,2.452638,-11.673053806,-0.35944834,-2.80039942,0.0,-48.329113,7.8513627,14.53978087,71.329926,136.64975049999998,-0.13223092,-1.45844895,0.0,-5.8337959,-0.6094737,-2.54967246,0.0,-10.1986899,1.0848485,1.34457097,4.339394,5.378283850000001,2022-03-01,344
3,2022,4,0.10101801,-1.93261651,0.0,-215.263636,-0.5635187,-2.97508824,0.0,-283.435875,2.616295,2.316221133,108.196815,75.57346940000001,0.103294,-0.48471164,0.0,-16.2841204,-0.3903389,-2.42214251,0.0,-43.398091,4.1721797,10.9144304,33.396835,98.7451527,-0.21515663,-2.34131888,0.0,-45.5104503,-0.6090621,-3.23517652,0.0,-59.7452565,0.76122,0.3397235039999999,6.120707,-2.6713141999999994,-0.112469666,-1.362479746,0.0,-34.454472,-0.43429327,-2.79218711,0.0,-58.854751,1.8979592,3.9098059,21.035627,48.31815886,-0.28485575,-1.83089997,0.0,-31.6675498,-0.5444542,-2.96386428,0.0,-48.352636,0.5185185,1.50451692,5.407151,17.857037679999998,0.0017920118,-1.1441224302,0.0,-71.230453,-0.47935447,-2.8636163,0.0,-122.203307,2.4974926,5.520408145,47.005295,119.2003303,-0.004698113,-1.727459703,0.0,-85.45449450000001,0.25567546,-1.27568875,0.0,-78.39185529999999,3.2135594,10.49789407,67.35504,183.12404564,-0.001490972,-1.606185672,0.0,-43.19829644,-0.27097473,-2.60873913,0.0,-66.791293,3.8123636,4.8227882758,75.9028,87.2090984,0.0034619656,-1.0379027984,0.0,-52.544118,-0.13067774,-2.2527878,0.0,-78.11807,4.542377,9.50616723,100.16771,170.587187,-0.51645905,-2.66738945,0.0,-43.777011,-0.5967035,-3.16297129,0.0,-51.882181,-0.091696754,-0.5794810539999999,0.0,-11.4492155,0.22685735,-0.807632234,0.0,-22.6993755,-0.51078546,-2.71420092,0.0,-45.881498,4.192698,8.09695805,32.894104,64.4831901,-0.17638892,-1.40279368,0.0,-5.6111748,-0.52818656,-2.2411027,0.0,-8.9644107,1.0747452,1.7006014399999998,4.2989807,6.8024055400000005,2022-04-01,292
4,2022,5,-0.43444604,-2.98679491,0.0,-279.710664,-0.57312465,-3.7633329,0.0,-353.589337,0.1071277,-0.2100850929999999,5.2396584,-27.6341168,0.19522443,-1.65758646,0.0,-36.1261732,-0.24791844,-3.30810903,0.0,-57.503020500000005,5.4173913,9.174309395,38.044174,73.3829973,0.025922455,-2.625702815,0.0,-52.7480867,-0.38287148,-3.73477233,0.0,-70.813527,4.083547,3.615027350000001,30.136862,20.3101004,0.024205001,-1.361645169,0.0,-36.3741926,0.35899386,-2.42375024,2.2817817,-56.4742433,8.381258,13.056135773,105.97495,168.0769576,0.15038817,-1.57241016,0.0,-31.0300938,0.483522,-2.30465863,0.39811593,-46.29495307,8.672165,11.657186867,71.38124,109.98398465,0.013628664,-2.259654906,0.0,-104.654269,0.23978503,-2.1625375800000004,0.0,-113.4359274,4.1051283,5.396819,103.11574,108.0250185,-0.06355192,-1.3126935,0.0,-68.8855715,0.17291571,-1.738655434,0.72499853,-79.98002117,3.0260632,9.09426007,75.869064,196.8286412,-0.03609391,-2.2684737,0.0,-60.3040489,-0.36312163,-3.48625231,0.0,-86.421323,2.674037,3.520923499,57.03492,60.668144433,-0.050363503,-2.656659523,0.0,-86.285155,-0.3332636,-3.53470519,0.0,-110.115774,2.9155228,2.476822814,53.20661,37.4087806,-0.19289316,-2.59889309,0.0,-43.5883264,-0.5383799,-3.76146406,0.0,-60.772889,1.021043,1.194897185,13.072199,12.76851,0.16522713,-1.230978506,0.8135555,-26.7010181,-0.40447798,-3.30785764,0.0,-55.533477000000005,4.79715,8.8281422768,51.80249,91.6475108,0.0066267042,-1.8516410458,0.026506817,-7.406564183,-0.4884989,-3.4403559,0.0,-13.761423400000002,2.4587884,4.46196409,9.835154,17.84785686,2022-05-01,344
5,2022,6,0.10231252,-0.94291558,0.0,-120.796707,-0.5532542,-1.7540093,0.0,-164.750982,2.7103658,2.49204337,144.977,121.74882,-0.4941514,-1.59052706,0.0,-25.803292,-0.61557704,-1.89489007,0.0,-31.010991,-0.040281974,-0.321672224,0.0,-5.8801705,-0.036194693,-1.119145793,0.0,-23.0661771,-0.34047306,-1.63076451,0.0,-31.759478,3.164976,2.90699348,31.567501,26.1652261,-0.16981445,-0.82386968,0.0,-19.6431197,-0.3387441,-1.40205782,0.0,-30.3905285,1.7422314,2.8408001,27.059917,40.588808,-0.28788275,-0.88590017,0.0,-16.9370775,-0.36740014,-1.44418539,0.0,-24.6694674,0.7398844,1.85653205,11.802607,22.1023505,-0.0380736,-1.07726216,0.0,-54.532326,-0.51122636,-1.74855916,0.0,-72.90186,2.013198,1.82294302,36.528896,27.34153730000001,-0.290747,-0.96708072,0.0,-42.157022,0.22308338,-0.1448294799999999,0.8332372,-19.6369062,1.7598475,3.444464,25.281124,55.871986,-0.09405437,-0.72259349,0.0,-24.5065127,-0.15791985,-1.26243492,0.0,-34.0143364,3.0036416,5.1270232,49.012722,69.4416951,-0.07774088,-0.83366598,0.0,-35.2669577,-0.22874376,-1.22909811,0.0,-45.5189295,3.501676,4.702977564999999,57.775352,71.919425,-0.28317127,-1.31579702,0.0,-23.4504776,-0.5862278,-1.79989973,0.0,-29.492427,0.52605456,0.3470567499999999,2.5453017,-1.1149218,-0.20571238,-1.20200491,0.0,-21.141936,-0.5176707,-1.62817,0.0,-27.137666,1.0489845,0.929897318,9.919565,7.165695,0.07403195,-0.79381377,0.1480639,-3.323319,-0.5079867,-1.61474274,0.0,-5.442997500000001,2.8543787,3.140316532,5.7087574,6.852508729999999,2022-06-01,313
6,2022,7,-0.50224984,-3.58216654,0.0,-334.064331,-0.57183343,-4.14016984,0.0,-390.133605,-0.068509616,-0.616981752,0.0,-64.845323,0.08676144,-0.813261084,0.0,-20.24362231,-0.1873451,-2.769245,0.0,-50.6779271,4.9292364,17.998964695999998,60.604015,217.8736289,-0.15124118,-2.85434947,0.0,-57.4057608,-0.5121002,-4.10930284,0.0,-77.2458505,1.5413826,2.2353055,13.477409,15.699853999999998,-0.13798979,-2.21431456,0.0,-49.9898155,-0.39109904,-3.74735863,0.0,-79.278633,1.9470822,4.502575917,25.406235,66.3160585,-0.12925188,-2.38258191,0.0,-42.6175871,-0.40880376,-3.86523191,0.0,-64.4737866,1.8974789,3.626858375,17.34871,37.80214375,0.09295601,-0.671074387,0.0,-70.3112635,0.22656661,-1.713150372,0.0,-108.636001,4.213089,18.8596513,112.53679,445.6941788,-0.14915527,-1.71299267,0.0,-79.111642,0.1824026,0.10838829,2.2751994,-36.77428472,2.8880951,13.37070745,70.40286,289.134538,0.049248893,-2.557496121,0.0,-66.9258786,-0.14757253,-3.21547876,0.0,-85.1646505,5.3166904,8.142212649,85.8255,130.34117963,-0.015592012,-2.789764422,0.0,-90.7319493,0.028204976,-3.312347914,0.0,-110.3457187,7.0639315,8.067047596,119.26274,134.5499788,-0.28070313,-3.43121074,0.0,-56.474717,-0.52950096,-4.16400469,0.0,-67.773937,0.64581573,-0.025996829,8.77462,-4.448652699999999,0.14790054,-1.658423462,0.5384165,-33.5986214,-0.35917372,-3.49808091,0.0,-60.1352277,5.0844564,11.40979566,52.34812,113.2344938,-0.15239747,-2.83277525,0.0,-11.3311011,-0.513109,-3.93331952,0.0,-15.7332781,1.3305478,1.87470814,5.322191,7.49883242,2022-07-01,314
7,2022,8,-0.027047664,-2.622054834,0.0,-252.281962,-0.4224988,-3.42419001,0.0,-311.330892,4.472517,3.976036625,130.94426,82.50205150000001,0.14750868,-0.429257914,0.0,-14.17526875,-0.1753717,-2.12799729,0.0,-37.3319934,6.1127214,13.130323497,56.010994,143.060809,0.16407503,-1.26498268,1.834703,-29.9477527,0.31988907,-1.73435381,0.71007144,-38.71382516,7.192846,12.965124206,107.26067,170.1756283,-0.31410402,-2.17119721,0.0,-47.0841834,-0.52069795,-3.43166515,0.0,-70.768134,0.5464743,1.90766032,8.550005,28.1764356,-0.2518385,-1.58781539,0.0,-28.6941659,-0.5067534,-2.7729031500000003,0.0,-46.208776,0.7881356,2.44547147,8.180433,27.7705528,-0.5227551,-2.64097559,0.0,-107.010261,-0.61825514,-3.11851468,0.0,-126.269375,-0.1054744,-0.571140899,0.0,-25.621647,0.21973753,-1.1457154799999998,0.0,-60.026532,0.24232215,-0.81593339,3.1238112,-42.8514248,4.278646,9.41010918,103.29861,181.2468777,-0.25204518,-2.27891057,0.0,-61.902623,-0.5256218,-3.39762931,0.0,-84.115233,0.75525117,2.01101785,10.001012,27.4740078,-0.05662673,-2.71656506,0.0,-90.753168,-0.48250964,-3.373345,0.0,-103.41851,1.9446337,1.23695302,25.516987,2.316660500000001,-0.18013072,-2.45820188,0.0,-42.9629762,-0.55750895,-3.53404599,0.0,-57.479148,1.0487804,1.526611401,12.384624,12.09258,0.09036843,-0.289563197,0.0,-17.6450645,-0.42410845,-2.86684044,0.0,-51.261442,3.7083004,14.93263373,31.096552,131.8297784,-0.1914749,-1.95051418,0.0,-7.8020567,-0.5427415,-2.7978076400000003,0.0,-11.1912307,0.9737303,1.410129238,3.8949213,5.64051705,2022-08-01,287
8,2022,9,0.119347386,-1.390492704,0.0,-152.530046,-0.14780399,-1.90441892,0.0,-199.668665,5.362956,5.155434836,269.7338,246.800567,0.016149292,-1.501464638,0.0,-26.8327128,-0.39725402,-2.22216078,0.0,-37.6244134,3.1779964,2.989967716,31.622837,26.4085794,0.09936076,-0.8788505640000001,0.0,-21.68587572,-0.1398331,-1.56383787,0.0,-35.0022623,5.933529,11.30110173,63.62039,115.8100009,-0.23567832,-1.10803651,0.0,-26.9655382,-0.49466732,-2.10320498,0.0,-43.92012,0.8580934,2.59981104,13.467098,36.6462013,0.22075798,-0.50745442,0.0,-13.69240352,0.6102392,-0.80680141,5.6208305,-18.5674825,25.681416,28.44088857,222.524,261.32536500000003,0.11991077,-0.267397244,0.0,-27.580416900000003,-0.39227104,-2.4456727000000003,0.0,-86.02910370000001,4.360269,13.610007854,97.64973,297.14112975,-0.117876574,-1.379378294,0.0,-64.195661,0.260531,0.17961158,0.9364963,-26.2245999245,4.2557254,10.42899356,75.585175,153.2996582,-0.015354043,-0.253992698,0.0,-18.5708832,-0.13923547,-1.3696922,0.0,-40.96073,5.0482235,11.805476,64.863754,174.993797,-0.51232934,-2.06758918,0.0,-62.962773,-0.54595006,-2.2902426900000004,0.0,-70.035782,-0.099633254,-0.416141288,0.0,-14.7569441,-0.044589307,-0.908521907,0.0,-22.1032935,-0.40321782,-2.03692448,0.0,-35.1104694,2.5866916,4.97624595,22.138515,37.100010100000006,0.24459344,0.50946353,0.18046254,-2.69964231,-0.35106838,-1.51322237,0.0,-30.490803,6.6011453,18.8301025,49.83029,163.61997399999998,-0.40476227,-1.78007559,0.0,-7.1203024,-0.47598276,-2.10017578,0.0,-8.400703,0.22843823,0.4035186122999999,0.9137529,1.614074409,2022-09-01,311
9,2022,10,-0.51253206,-2.62638506,0.0,-243.646902,-0.5890874,-3.35606988,0.0,-311.903905,-0.04107182,-0.469715321,0.0,-46.0517628,-0.5054591,-2.65482268,0.0,-41.429189,-0.6220937,-3.440665,0.0,-53.420266,-0.04210988,-0.4934733409999999,0.0,-8.576466199999999,0.10067872,-0.62660105,0.0,-17.496256300000002,-0.42244023,-2.24576049,0.0,-43.17916,3.8410797,6.058727899999999,40.445255,68.5001321,-0.19950916,-1.34805553,0.0,-29.8181553,-0.5272521,-2.4275755,0.0,-49.4100855,0.7782265,1.709716923,12.0287695,25.4624603,0.05170266,-1.1169209800000002,0.0,-19.9197908,-0.3685649,-2.1810157,0.0,-36.371445,3.7813213,4.67827961,46.840984,57.1234319,0.18278617,-0.58101202,0.0,-43.06105598,-0.10899243,-1.84482247,0.0,-86.237957,7.94045,11.3644743,205.72763,284.540541,-0.3332688,-1.6169374,0.0,-63.427913,0.645159,-1.06954801,8.586137,-53.929479,7.304412,7.911711355,114.66791,117.2265055,0.061002012,-1.031835318,0.0,-30.740287,-0.063351214,-1.628589914,0.0,-45.775389,7.41906,10.716362574,98.77097,160.2013386,0.009469826,-1.141716084,0.0,-47.471626,-0.41135997,-2.19681072,0.0,-70.704984,2.2764707,4.273550279999999,40.57197,67.2402016,-0.5363863,-2.17708445,0.0,-35.917498,-0.5947957,-2.55980835,0.0,-42.2466465,-0.12588401,-0.56838164,0.0,-10.5392117,0.34079498,-1.85558866,4.530968,-31.7724833,-0.11655888,-3.40619967,0.0,-58.3422016,13.60584,14.241809311,153.24733,159.70691526000002,-0.17239982,-2.96255952,0.0,-11.850238,-0.53826034,-4.62294045,0.0,-18.4917621,1.1445639,1.551935167,4.5782557,6.20774077,2022-10-01,195
10,2022,11,-0.25365293,-3.37062218,0.0,-326.756585,-0.590148,-4.46129621,0.0,-419.526927,0.6634751,0.1407081649999999,26.537119,-22.9246408,-0.52025545,-3.69358768,0.0,-60.236608,-0.62295645,-4.70037296,0.0,-76.473237,-0.062711865,-0.669650017,0.0,-12.5821464,0.10042749,-2.47733808,0.0,-51.73963644,-0.17547959,-4.11423132,0.0,-79.9948384,5.3362446,8.434433434999999,57.875492,79.190713,0.15995574,-0.5090606839999999,0.5551065,-23.3039043,0.0008541867,-3.3222255033,0.0,-73.8513388,11.324361,20.03066137,146.42361,277.8629845,-0.110996164,-1.948580234,0.0,-35.3603515,-0.46836868,-4.14319056,0.0,-68.98129,1.5027933,4.556162211,22.398182,61.10458345999999,0.23966378,-0.569638726,0.0,-79.65684730000001,0.5780662,-2.2390119,8.558766,-131.495624,11.514136,30.48734481,273.18118,678.9648328999999,-0.014086112,-2.158346512,0.0,-101.132212,0.54499173,-2.8562672,7.098942,-119.258762,19.07027,21.596358345,235.73276,267.70709536000004,0.14194743,-0.6970034167499999,0.0,-39.93671374,-0.07850702,-2.92474795,0.0,-85.5449865,5.6498547,21.68621213,97.39194,317.6372765,-0.10645894,-3.00241058,0.0,-99.744275,-0.5982875,-4.3702372700000005,0.0,-136.073373,1.1273596,1.2164461599999998,19.609924,9.832258799999998,0.13094878,-2.74962392,0.0,-51.4703059,-0.40253243,-4.3484452000000005,0.0,-71.9498135,4.1617293,4.20304108,32.843224,25.7578428,0.37833852,1.155143845,4.7288527,5.2107882000000005,-0.13921155,-2.7249049,0.0,-52.6932405,13.881954,51.434631235,148.76942,526.211591,0.12430128,-2.69608199,0.4972051,-10.784328,-0.55148596,-4.38866528,0.0,-17.5546611,2.9187229,3.0897131200000003,11.674891,12.35885188,2022-11-01,182
11,2022,12,-0.51246655,-3.14634318,0.0,-295.617375,-0.606539,-3.78455674,0.0,-358.370301,-0.08928572,-0.616185895,0.0,-63.899258,-0.38452852,-3.62438307,0.0,-60.756825,-0.6342869,-4.68679998,0.0,-76.807372,0.20665742,-0.4511395189999999,0.13087296,-12.84185534,0.12636892,-2.018788948,0.6682909,-47.0997889,-0.30588454,-3.97455081,0.0,-76.803594,5.4069614,10.474886194,71.05042,109.3298675,0.2903557,-0.1428304365,1.8763918,-8.04865968,0.2880677,-2.85812482,1.212722,-58.382862,24.136934,39.08551906,263.4154,444.38099495,0.25944784,-0.315924124,2.6068375,-11.5948562,0.19459905,-2.58856005,1.1955161,-50.7126899,15.23718,29.07988753,190.04553,363.007755,0.37281632,-1.17101149,0.0,-98.1635284,0.5989739,-2.86828831,11.176125,-140.717538,20.720255,34.55216776,519.5739,768.7674998,-0.055573646,-1.24574193,0.0,-78.813067,0.258133,-1.29915239,0.96532065,-90.18460575,4.711897,15.08439461,114.10474,316.054125,0.14295419,-0.7941625959999999,2.394325,-37.3138492,0.23758902,-1.4112354685,0.78544796,-52.24101734,13.695913,36.404670809,251.46344,618.954156,0.046866897,-2.700362613,0.0,-74.74950424,-0.124204524,-3.462748064,0.0,-96.38338454,6.361089,5.686345395,93.1453,75.599688,0.3209372,-1.84951221,0.99598134,-35.921173180000004,-0.17441025,-3.2848137900000003,0.0,-56.1050297,8.709859,12.14733166,90.01138,122.792455,0.5168214,1.54090817,5.749153,11.979937,-0.09079963,-2.0589453,0.0,-40.2269149,19.729033,61.41420179,231.62741,684.1787836999999,0.046682376,-1.529840404,0.1867295,-6.119361700000001,-0.631514,-3.42610218,0.0,-13.7044086,1.8237476,2.546425805,7.2949905,10.18570331,2022-12-01,191
12,2023,1,-0.4937047,-1.5098678,0.0,-141.679,-0.58854634,-1.80143151,0.0,-171.861649,-0.04244113,-0.18850042,0.0,-22.3885549,-0.49401397,-1.50223601,0.0,-25.296165,-0.6127816,-1.89826305,0.0,-31.609364,-0.03267974,-0.143337569,0.0,-4.922005,0.1632295,-0.83831307,0.13021272,-18.66688728,-0.32258523,-1.64205105,0.0,-31.0416419,5.388025,5.2988756923,65.38556,62.347974,0.11564625,-0.1541961,0.0,-8.12328809,-0.06898244,-1.16943394,0.0,-29.4909642,5.9245744,8.18010803,113.42717,149.576021,0.17476165,-0.03643345,0.8927595,-5.9688045,-0.2848834,-1.16591632,0.0,-22.5243774,4.629268,8.5910064,64.07887,99.97186299999998,0.25146127,-0.68755055,5.873022,-33.963279,-0.10135029,-1.36238679,0.0,-65.63224550000001,10.30067,10.336276197,306.00174,302.7003284,-0.0023189415,-0.4782171715,0.0,-30.1585413,0.5317969,0.93485904,7.5254364,8.441387200000001,8.293213,16.491129,145.89992,307.436842,-0.12983122,-1.04089415,0.0,-31.8872867,-0.57282287,-1.8172791,0.0,-44.658022,1.2967741,1.390384356,13.073963,10.566862699999998,-0.04818411,-1.1174255199999998,0.0,-41.265295,-0.41748214,-1.66211878,0.0,-53.668057,2.6003468,2.36537883,46.864155,38.7115803,0.20496863,-0.6731432500000001,1.1691983,-17.17480746,0.33311117,-1.08203532,1.2384832,-24.0025945,21.923437,29.26334962,131.65288,202.0116762,0.45551267,1.16854303,4.91049,11.8669271,-0.11027852,-0.8267343599999999,0.0,-16.316741999999998,19.060757,35.65469,222.67982,412.36742,-0.4645645,-1.58033337,0.0,-6.3213334,-0.5542865,-1.78261627,0.0,-7.1304651,0.024038462,-0.406544238,0.09615385,-1.62617695,2023-01-01,187
13,2023,2,0.39683536,-1.19019832,0.0,-168.5456378,-0.4597365,-2.9142288,0.0,-280.220022,8.478059,9.617250941,331.9162,469.7186856,-0.2176934,-2.16085921,0.0,-39.8427503,-0.54923296,-3.11853844,0.0,-51.930177,0.73922414,0.6891849590000001,1.7657856,-2.0775949,-0.0069713686,-2.6121561386,0.0,-50.6994388,-0.5207566,-3.81639016,0.0,-69.2487215,2.1617184,1.7336748439999998,17.458908,7.810526600000001,0.29838827,-0.31920049,2.3373668,-18.2859788,0.32637104,-1.96665871,0.0,-48.4912198,27.163187,32.29309179,266.71704,340.26143359,0.030327374,-1.099610686,0.0,-22.7505707,-0.30125517,-2.72813717,0.0,-47.0216525,4.129456,6.50363599,37.775444,65.77210657,0.19569133,-0.690468494,0.0,-65.51697759999999,-0.5118482,-2.86021738,0.0,-122.334511,4.290012,9.083438365,76.514366,162.97736010399998,0.23224093,-1.085008185,0.0,-57.594679,0.33848646,-0.51083601,7.5001464,-44.19378583,6.850534,14.65570627,138.0818,265.3268976,0.107760064,-0.948456666,1.2724842,-34.2981461,0.06728277,-2.490832,0.0,-63.1534693,11.903935,19.58245828,184.49042,286.0443473,0.08859783,-2.28617956,0.0,-78.2027067,-0.0024944018,-2.9878970018000004,0.0,-97.203856,9.078329,9.532844385,149.23135,161.503437,-0.4989615,-2.575381,0.0,-42.818142,-0.5926249,-3.14160751,0.0,-51.314966,-0.058091287,-0.406432836,0.0,-9.7322003,0.23310773,-0.96711659,2.1576834,-20.0169266,-0.29960233,-2.48299801,0.0,-42.9201358,6.1928253,12.5124300566,70.19855,138.8696123,-0.43267485,-1.96122755,0.0,-7.8449102,-0.57372797,-2.36113661,0.0,-9.4445465,0.10772834,-0.151746455,0.43091336,-0.6069857999999999,2023-02-01,249
14,2023,3,-0.47549856,-4.0119191,0.0,-333.746355,-0.58733326,-5.03837998,0.0,-414.753911,0.0005764067,-0.4216455953,0.0,-48.04359434,0.05782846,-2.23077887,0.0,-45.4546138,-0.53730476,-4.25053225,0.0,-70.0330105,2.3782413,4.203192234,22.963024,31.94642,0.16569856,-1.174143753,1.1108317,-35.6927765,-0.06330086,-3.24530054,0.0,-68.573358,6.794657,14.80260957,94.246605,167.5127691,-0.13277882,-2.39544969,0.0,-53.8404746,-0.5052079,-4.97747462,0.0,-103.210826,1.2636253,3.93050982,17.25724,60.7182747,-0.13007881,-2.46726196,0.0,-45.0690755,-0.29007632,-4.20440492,0.0,-73.2088421,1.7424242,5.697943614,22.105503,62.46707722,0.14721338,-1.412373354,0.0,-94.0960196,-0.104360975,-3.562801175,0.0,-159.18947,5.0773315,13.419314118,109.03932,276.0113242,-0.03442036,-1.678319,0.0,-88.790671,0.18009587,-1.68542022,1.2776314,-83.3486862,5.6180983,13.887820545,82.78724,234.054165,-0.008616757,-2.465666907,0.0,-69.4209636,-0.19272502,-3.79349073,0.0,-98.3410305,4.619001,6.260421147,65.48186,87.62596056000001,-0.042549092,-2.717405242,0.0,-98.364432,-0.21984488,-3.79387034,0.0,-124.309188,3.9158769,4.89415311,56.569145,61.9439469,0.13355765,-1.55717667,0.23835868,-32.417562350000004,-0.29134604,-3.50112744,0.0,-62.522182,5.686151,13.058870465,58.00336,135.1442875,0.41633567,-0.200328333,3.2810454,-17.418666100000003,-0.18734288,-3.85324255,0.0,-67.97682069999999,15.412785,31.473639497,122.377266,287.277976,-0.39625496,-3.2196352,0.0,-12.8785407,-0.5403166,-4.22069622,0.0,-16.8827848,0.24729893,0.3177830789999999,0.9891957,1.271132282,2023-03-01,292
15,2023,4,-0.49518156,-3.06587482,0.0,-287.262787,-0.5967388,-3.78151016,0.0,-354.454159,-0.040302724,-0.4365848009999999,0.0,-51.1270907,-0.49579427,-3.08504901,0.0,-50.09649,-0.60476387,-3.86698493,0.0,-63.714202,-0.035605732,-0.425650877,0.0,-8.632633160000001,0.034892064,-2.524230816,0.0,-49.9009763,-0.19871294,-3.42359363,0.0,-66.9089012,2.6574907,2.3169788402,31.838135,23.4217823,-0.21543512,-2.1445976,0.0,-46.9126387,-0.5378343,-3.61309513,0.0,-74.264427,0.8395859,2.151573333,14.625236,32.391536047,0.023237498,-1.196510842,0.0,-28.088585870000003,-0.4045662,-3.21016536,0.0,-54.2361634,3.1673152,7.675012998000001,41.774467,80.3303648,0.12417743,-1.217705466,0.0,-79.62879459999999,0.01980279,-2.8746745110000003,0.0,-144.677864,5.3644037,14.223558224,152.00116,374.2294958,0.0041930373,-1.5035314827,0.0,-74.7972123,0.19390287,-1.349675958,2.22385,-65.9149578,4.237491,12.09025142,84.676674,229.10745485,-0.2028803,-1.97347208,0.0,-56.0407319,-0.4970946,-3.39114707,0.0,-85.781056,1.1960616,3.53950647,16.346317,50.5256698,-0.08720257,-1.7223334,0.0,-69.9711413,-0.3427851,-3.16677433,0.0,-103.275589,2.6493037,6.189156126,43.951385,104.6833234,-0.50706017,-3.1564467,0.0,-51.912167,-0.61069965,-3.85796275,0.0,-62.6164235,-0.06916427,-0.60310538,0.0,-12.5480887,0.111228906,-1.838955654,0.08423418,-33.52548482,-0.38773656,-3.2942792,0.0,-55.5750086,3.5240533,5.14141355,42.893295,58.405584700000006,-0.34864032,-2.71777199,0.0,-10.8710879,-0.5297229,-3.5164055,0.0,-14.0656221,0.42173913,0.4527075004999999,1.6869565,1.810829996,2023-04-01,190
16,2023,5,-0.5066596,-2.10562607,0.0,-195.77024,-0.5926591,-2.46852304,0.0,-231.731708,-0.07494279,-0.441126034,0.0,-44.153401,-0.4621679,-2.09557924,0.0,-34.766688,-0.61851376,-2.52622917,0.0,-41.341452,0.027698863,-0.388743831,0.0,-8.7835086,-0.07613253,-1.23553934,0.0,-29.461558,-0.4980063,-2.991414,0.0,-52.277526,1.7212808,4.26074001,20.07962,42.7729001,-0.33061925,-1.26894478,0.0,-26.6543182,-0.5396156,-1.7101869,0.0,-34.927827,0.44796428,0.59162596,6.3553653,7.6500169,-0.34603357,-1.28781374,0.0,-21.6188746,-0.5651444,-1.7552105,0.0,-28.711214,0.37381703,0.45135789,5.4709,4.9363774000000005,0.09254199,-1.647446844,0.0,-61.0405542,0.1139386,-2.95664492,0.0,-90.6152021,3.4859927,6.99799219,61.505486,138.3233067,-0.19370255,-1.14496228,0.0,-54.427894,-0.27064598,-1.83849752,0.0,-73.034341,2.2630036,3.9000211,31.71401,51.6491355,-0.08258092,-1.21358128,0.0,-35.1018685,-0.19064885,-1.75895732,0.0,-49.799708,2.4534967,4.04841677,45.15209,75.8276534,-0.12206745,-0.70945667,0.0,-35.586951,-0.18395486,-1.62208375,0.0,-61.2974905,2.4315956,6.4003358,42.40922,114.343469,-0.028135415,-1.411316715,0.0,-26.745792100000003,-0.45052448,-2.27050408,0.0,-38.323676,2.4301534,2.73818056,17.229357,19.2293656,0.0886677,-0.2485126999999999,0.055682883,-12.544929317,-0.43219233,-1.96799559,0.0,-33.9342167,3.6179245,9.7818365,42.55841,91.1234903,-0.5195912,-2.11166566,0.0,-8.4466626,-0.52416694,-2.21148692,0.0,-8.8459478,-0.12188168,-0.5766191300000001,0.0,-2.30647655,2023-05-01,207
17,2023,6,0.29017195,-3.91957961,0.0,-377.590855,-0.6032769,-5.54747806,0.0,-473.702578,3.622982,2.726141346,143.95163,65.6493413,-0.4111261,-4.106786,0.0,-68.424805,-0.61759883,-5.14432841,0.0,-83.755897,0.12824208,-0.600822274,0.0,-15.08208226,0.003756404,-3.196144166,0.0,-71.2315947,-0.49052227,-5.44687194,0.0,-102.512582,1.8071363,5.15864244,15.342842,35.7057778,-0.19053042,-2.54225075,0.0,-59.2260108,-0.5163062,-4.70133646,0.0,-96.6791295,0.9806731,3.8512434947,12.600546,51.8392243,-0.28405625,-2.73862757,0.0,-48.707847,-0.5591391,-4.76247036,0.0,-77.886005,0.53311795,2.75666195,6.079897,31.9060158,0.052196182,-1.281514428,0.0,-98.0449035,-0.22383301,-4.06052507,0.0,-181.81535,3.177353,12.61820391,76.15115,304.5147038,-0.03256135,-2.24437526,0.0,-103.00864,0.15582389,-2.97106031,0.0,-128.5101352,3.3626974,8.69488642,82.13486,168.569707,-0.076603375,-1.716003955,0.0,-57.8317645,-0.29921076,-3.64582514,0.0,-96.217756,2.9755776,12.1343218,55.305485,191.0887625,-0.05316189,-2.68214096,0.0,-102.4508923,-0.3485232,-4.19811682,0.0,-135.5117455,2.886532,6.11687471,50.853966,88.70453810000001,-0.028289007,-3.445133147,0.0,-60.7426693,-0.5268677,-4.79267021,0.0,-78.187287,1.8505747,2.044333284,15.738691,10.753077599999996,0.099871665,-0.7938467386,0.0,-29.0537214,-0.45863497,-4.05296038,0.0,-69.6388767,3.4971194,16.220494505,32.88378,145.1312256,-0.3442326,-3.66486984,0.0,-14.6594792,-0.5263508,-4.51651087,0.0,-18.0660438,0.43634686,0.550727991,1.7453874,2.20291205,2023-06-01,197
18,2023,7,-0.49807078,-1.55077928,0.0,-144.502091,-0.57459235,-1.83019545,0.0,-172.036935,-0.054208275,-0.268852,0.0,-28.333799,0.0650214,-0.3673614,0.46295923,-7.12178977,-0.11866004,-0.7702239399999999,0.0,-14.560253,6.398443,6.484097005000001,76.8757,76.93058420999999,-0.23236272,-0.77556032,0.0,-15.3887827,-0.5785084,-1.2321076,0.0,-22.778203,0.7692724,0.63651627,9.525577,6.8792419,-0.35825062,-0.35825062,0.0,-7.663306,-0.6011827,-0.6011827,0.0,-12.155526,0.32433698,0.32433698,4.8904715,4.8904715,-0.24720244,-0.24720244,0.0,-5.430662,-0.57738286,-0.57738286,0.0,-9.662674,0.72360617,0.72360617,6.1789603,6.1789603,0.057986822,-0.4640440079999999,0.0,-27.455707,-0.3800551,-1.06617716,0.0,-45.735223,3.7008224,3.61658784,82.32587,78.2580957,-0.15557145,-1.1083066,0.0,-41.6943832,0.25334096,-0.6287195999999999,1.308139,-30.22386616,4.005007,7.33573866,22.840908,62.6514564,-0.25312856,-1.21175279,0.0,-32.110603,-0.50572324,-1.7763805,0.0,-43.361433000000005,0.8595166,0.90790936,17.774065,15.374595,-0.2769997,-1.84017265,0.0,-59.757778,-0.5593024,-2.37803916,0.0,-72.06597,0.62445414,0.3028241,12.84996,1.7847779,-0.16533566,-1.20562976,0.0,-20.4426493,-0.47314978,-1.74132586,0.0,-28.4974184,1.310717,1.1182325999999998,18.041014,13.8163043,-0.39974633,-0.94752726,0.0,-15.8116526,-0.5610603,-1.2604817,0.0,-20.502455,0.22522523,0.106090185,1.745999,-0.2478442999999999,-0.4765604,-2.04790817,0.0,-8.1916328,-0.51710266,-2.28213885,0.0,-9.1285552,-0.0020905924,-0.3539256534,0.0,-1.41570257,2023-07-01,295
19,2023,8,0.09109932,-1.76220233,0.0,-156.61087,-0.4084556,-2.7922616,0.0,-220.049597,4.308127,4.463533352,163.81166,190.51491713,0.48933285,-1.4475706600000002,0.0,-30.4187001,-0.38261777,-3.87688272,0.0,-57.3683401,5.5618377,12.235042496,33.342674,83.91104510000001,-0.5076146,-2.6826446,0.0,-49.033902,-0.6070373,-3.13142288,0.0,-57.058499,-0.07152151,-0.6333977049999999,0.0,-13.1310474,-0.17966561,-2.22894698,0.0,-48.6353288,0.49822673,-2.48193994,4.931561,-55.901492000000005,7.1567082,8.30454439,45.284573,57.20071777,-0.29461232,-1.93101134,0.0,-34.5525805,-0.5177705,-2.89131003,0.0,-47.583552,0.6345178,1.413469552,6.3934784,12.81859923,0.09174228,-1.598327654,0.0,-57.9583311,-0.3373106,-2.7335226500000003,0.0,-93.2237459,4.61544,5.89574301,111.6151,142.48358213,-0.12973107,-2.41102746,0.0,-98.857254,0.15027085,-1.65015806,0.0,-77.36728988,4.604113,9.55696734,104.283035,159.1949589,-0.07089425,-1.46950598,0.0,-44.2864588,-0.2422581,-2.42649532,0.0,-63.945493,3.2693334,5.37094244,52.177177,76.7458212,-0.049277768,-1.829347998,0.0,-65.0706855,-0.3620062,-2.5260944,0.0,-80.496419,2.8365848,3.570425231,46.07238,57.7420101,-0.23025735,-1.83118521,0.0,-31.411539000000005,-0.54690945,-2.31811715,0.0,-38.069129,0.7728938,0.3731173599999999,7.070468,-0.4748744999999998,-0.06649022,-1.9733783,0.0,-36.882729,-0.4639248,-3.2200279000000003,0.0,-54.235281,2.0706897,4.451343855,24.278868,41.0264919,-0.31594548,-2.76103992,0.0,-11.0441597,-0.49659848,-3.34944369,0.0,-13.3977748,0.60214007,0.443233711,2.4085603,1.77293485,2023-08-01,293
20,2023,9,-0.13335164,-2.58475215,0.0,-235.043805,-0.5354295,-3.67083747,0.0,-303.789496,1.1580756,1.2035970800000002,40.001175,31.284147500000003,0.31310472,-1.496484195,0.0,-36.0768461,-0.3684572,-3.4167378,0.0,-58.975183,7.8089232,10.952362924,52.111988,75.61922039999999,0.25200924,-1.585589846,0.0,-41.6676909,0.40316018,-2.59851921,1.3558642,-54.7956868,8.124204,12.911222164000002,81.94984,121.8267317,-0.15161698,-2.24721911,0.0,-47.926635000000005,-0.4977066,-3.62803724,0.0,-71.949736,1.1960431,2.352006277,16.325449,28.8531835,-0.10549035,-1.50774756,0.0,-28.341354,-0.48386288,-2.94238182,0.0,-48.152448,1.4225664,3.406722507,16.871822,38.471817900000005,0.19699062,-1.41153929,0.0,-86.553663,-0.49716237,-3.57971993,0.0,-148.91783800000002,4.451441,8.043763668699999,102.50216,183.2956535,-0.19387959,-1.8948144,0.0,-84.021597,-0.18982452,-2.45966531,0.0,-104.520656,2.7704418,6.326665009999999,42.70183,87.3952804,-0.07824773,-2.52608203,0.0,-67.1988255,-0.33324435,-3.4041751,0.0,-85.492554,2.8027027,2.6393843400000003,32.6625,24.0207745,-0.18101941,-1.76656096,0.0,-59.585699000000005,-0.37357107,-2.31803712,0.0,-73.323131,1.7212214,1.39766908,22.928127,13.1108865,0.04106092,-1.54030566,0.0,-23.1298833,-0.34396017,-3.14366462,0.0,-44.7303917,2.899689,7.09150021,32.85715,86.19629789999999,0.28919908,-1.0586570599999998,3.8612237,-20.4956253,-0.21812084,-2.62191474,0.0,-44.333099,9.31657,12.250035993,126.49166,155.89048895,-0.3878143,-3.43834558,0.0,-13.7533825,-0.4384614,-3.90637133,0.0,-15.6254857,0.2844273,-0.2142070688,1.1377091,-0.8568283450000002,2023-09-01,308
21,2023,10,-0.24369125,-2.07157887,0.0,-173.849309,-0.55810916,-3.03948953,0.0,-236.114072,0.7366885,1.003604104,57.63749,68.20602225,0.32252964,-1.03961132,0.7174156,-24.114096,-0.33518216,-2.09198821,0.0,-37.915502,6.7518797,7.017596461999999,59.27334,56.2135901,0.066347465,-1.022995185,0.0,-24.29075067,-0.371229,-2.53491392,0.0,-48.1022769,3.5609188,9.44541325,41.83502,102.3911907,-0.05437,-1.21910217,0.0,-32.5967779,-0.5632237,-2.99213167,0.0,-61.560697000000005,1.3536485,3.51088178,15.168073,44.4691972,0.06925964,-0.531006023,0.0,-14.85139483,-0.2348321,-2.13897413,0.0,-38.876254,3.8577878,10.3323428,43.0036,100.4481275,0.36568844,-0.4404996399999999,1.4552252,-54.4316798,-0.34702513,-2.75780933,0.0,-114.537518,5.9384613,13.666828168,160.10991,260.1029601,-0.20075713,-1.38486124,0.0,-65.625337,0.02648841,-1.42882604,0.0,-71.1027567,2.1667407,6.23418178,50.49733,107.8038372,-0.46080235,-1.96801949,0.0,-48.6121565,-0.6005778,-2.4892299,0.0,-60.603882,0.03880597,-0.130313079,0.0,-6.207101,0.121891126,-0.969204772,0.0,-40.7326955,-0.1021796,-1.73920613,0.0,-62.340145,7.518121,9.60960557,122.50076,154.2171411,-0.0022223205,-1.5880091205000002,0.0,-28.1486988,-0.37322938,-2.29313168,0.0,-38.6896855,3.17759,2.84476662,31.327894,24.5051341,0.32321742,0.3213393599999999,3.6250193,-4.2092481500000005,-0.15473944,-2.05449541,0.0,-38.6152361,11.466666,25.84239703,125.64174,261.8671212,-0.50000536,-2.55342042,0.0,-10.2136817,-0.5081874,-2.91279867,0.0,-11.6511949,-0.06497623,-0.442159644,0.0,-1.76863857,2023-10-01,285
22,2023,11,-0.19521713,-1.27489012,0.0,-124.629774,-0.6391282,-2.0008326,0.0,-187.138355,0.7017249,0.46512061,47.441303,24.14078,-0.15375249,-1.07396207,0.0,-18.305464800000003,-0.49995723,-1.88130723,0.0,-31.407538,1.2690037,1.31624844,16.044704,15.630228,0.13858652,0.0119817349999999,0.0,-11.9405099,-0.46343365,-2.1254829,0.0,-37.717346,4.1040463,9.615453,39.112827,83.098945,0.33678588,-0.80324222,3.210565,-21.0384309,0.7615043,-1.28597711,0.0,-41.86929835,27.584776,28.2523715,280.46503,290.1797632,-0.06853177,-0.75410641,0.0,-14.5531216,-0.5190976,-1.8399719,0.0,-31.06424,1.7777778,2.5569732883,15.460547,25.8121323,0.262854,0.0894543829999999,0.0,-19.7633552,0.077587865,-1.065145665,0.0,-62.210659500000006,5.569745,8.9578741,109.589485,224.193655,-0.19289872,-1.08954342,0.0,-42.941341,0.040021807,-1.2380038830000002,0.0,-47.805715,3.142857,3.35909097,76.36255,73.5757723,0.1349677,-0.6667733545000001,1.5566738,-22.1644221,-0.114932686,-1.820163046,0.0,-48.2498897,5.3099465,9.736191186,94.99848,169.493619,-0.0238568,-0.95251847,0.0,-40.8084385,-0.36218137,-2.14779101,0.0,-72.299492,3.273,5.64824782,56.97483,101.9414716,-0.0031738945,-0.8402202795,0.0,-15.777296539999998,-0.5416081,-2.4734155500000004,0.0,-33.7215925,2.064,4.09824741,18.18684,30.628348,0.16535662,-0.67631866,1.0617931,-13.5162594,-0.4793244,-1.9012086,0.0,-31.123988500000003,3.9834495,4.20852052,47.038483,48.3995235,-0.50255966,-1.05685016,0.0,-4.2274006,-0.63904727,-1.36588227,0.0,-5.463528999999999,-0.041420117,-0.205141057,0.0,-0.82056421,2023-11-01,265
23,2023,12,0.38645294,-0.950173774,1.9775448,-153.6989852,-0.3741479,-2.89221874,0.0,-283.75534,11.304922,12.96188233,564.7054,681.364537,-0.34713772,-1.82676524,0.0,-31.4865105,-0.6266069,-2.62932,0.0,-43.395951,0.23333333,0.137854849,1.6035485,-2.1300333,-0.1669741,-1.40278122,0.0,-30.8076825,-0.61867326,-2.62457238,0.0,-49.410043,0.86567986,1.553221164,8.1850605,11.098633,0.14367203,0.173969306,0.31238505,-4.841062249999999,0.19958852,-0.899009634,0.0,-28.9679494,15.973283,31.1388072,158.03546,324.371019,0.12369389,-0.49594411,0.20841834,-11.22620106,0.12344766,-1.69829469,0.0,-30.9456975,12.918103,15.1909754,124.43128,156.2596365,0.08005374,-1.97512464,0.0,-89.554168,-0.30381772,-3.0122300500000003,0.0,-127.023106,8.097883,7.809499011,149.81567,134.6733615,-0.06356674,-1.16619891,0.0,-54.459955,-0.07710914,-1.82526339,0.0,-71.179581,5.079208,5.970119294000001,82.31126,92.2397836,-0.121530846,-2.041317956,0.0,-45.9973816,-0.5532566,-3.17961391,0.0,-65.968275,1.5310078,1.486002957,20.072813,16.455994555,0.19456969,-0.933704246,0.26870406,-40.64477131,-0.012649126,-2.195291476,0.0,-68.6059425,12.559518,17.5916113,219.41248,246.1902086,-0.09497249,-1.43919429,0.0,-26.4940753,-0.55137247,-3.09278837,0.0,-50.919425,1.423248,3.11881989,20.471554,39.40393105,0.27224082,-0.56903904,0.9796264,-15.56307566,-0.42746037,-2.1315575,0.0,-36.6947165,4.1112957,8.135556022,38.739162,75.35348416000001,-0.46350586,-1.96578853,0.0,-7.8631543,-0.5068103,-2.3766885,0.0,-9.5067539,0.033826638,-0.142312557,0.13530655,-0.56925023,2023-12-01,257
